{"stats":{"minecraft:crafted":{"cobblemon:apricorn_boat":1,"minecraft:crafting_table":1,"minecraft:spruce_planks":24,"minecraft:wooden_pickaxe":1,"cobblemon:apricorn_planks":8,"minecraft:furnace":1,"minecraft:bucket":1,"minecraft:stone_axe":1,"minecraft:air":0,"minecraft:shield":1,"minecraft:iron_axe":1,"minecraft:stick":16,"minecraft:iron_ingot":11,"minecraft:iron_pickaxe":1,"minecraft:stone_pickaxe":1,"minecraft:torch":8},"minecraft:picked_up":{"minecraft:crafting_table":5,"minecraft:leather":1,"minecraft:stone_slab":1,"minecraft:flint":1,"minecraft:string":3,"minecraft:moss_carpet":2,"minecraft:raw_copper":13,"cobblemon:revival_herb":10,"cobblemon:passho_berry":1,"minecraft:bone":1,"minecraft:cobbled_deepslate":13,"minecraft:raw_gold":2,"cobblemon:oran_berry":10,"minecraft:beef":5,"minecraft:stone_pickaxe":1,"cobblemon:pep_up_flower":6,"minecraft:moss_block":9,"minecraft:furnace":1,"minecraft:stick":6,"minecraft:raw_iron":16,"minecraft:sandstone":1,"cobblemon:apricorn_log":5,"minecraft:sweet_berries":7,"minecraft:big_dripleaf":1,"minecraft:torch":7,"minecraft:gravel":8,"minecraft:porkchop":9,"minecraft:spruce_log":6,"cobblemon:aspear_berry":12,"minecraft:arrow":5,"minecraft:rotten_flesh":11,"minecraft:diamond":2,"cobblemon:medicinal_leek":4,"minecraft:coal":9,"cobblemon:blue_apricorn":6,"minecraft:cobblestone":12},"minecraft:custom":{"minecraft:interact_with_furnace":7,"minecraft:mob_kills":26,"minecraft:interact_with_crafting_table":8,"minecraft:time_since_death":5249,"minecraft:climb_one_cm":680,"minecraft:time_since_rest":5277,"minecraft:sprint_one_cm":62787,"minecraft:damage_taken":845,"minecraft:walk_one_cm":52284,"minecraft:damage_blocked_by_shield":1040,"minecraft:drop":10,"minecraft:damage_dealt":4316,"minecraft:swim_one_cm":6046,"minecraft:fly_one_cm":92111,"minecraft:crouch_one_cm":1084,"minecraft:play_time":31116,"minecraft:deaths":3,"minecraft:sneak_time":460,"minecraft:walk_under_water_one_cm":2639,"minecraft:boat_one_cm":57988,"minecraft:jump":333,"minecraft:walk_on_water_one_cm":6221,"minecraft:total_world_time":31116,"minecraft:fall_one_cm":8153},"minecraft:dropped":{"minecraft:gravel":8,"minecraft:stone_axe":1,"minecraft:rotten_flesh":11,"minecraft:stone_pickaxe":2,"minecraft:wooden_pickaxe":1,"minecraft:bone":1},"minecraft:killed_by":{"minecraft:spider":1,"minecraft:zombie":1},"minecraft:killed":{"minecraft:pig":5,"minecraft:witch":1,"minecraft:spider":4,"minecraft:skeleton":4,"minecraft:zombie":9,"minecraft:cow":3},"minecraft:used":{"minecraft:moss_block":9,"minecraft:moss_carpet":2,"minecraft:water_bucket":3,"minecraft:stone_pickaxe":33,"minecraft:wooden_pickaxe":8,"minecraft:shield":35,"minecraft:sandstone":1,"cobblemon:pep_up_flower":1,"minecraft:torch":10,"cobblemon:apricorn_boat":1,"minecraft:crafting_table":5,"minecraft:axolotl_bucket":1,"minecraft:iron_axe":77,"minecraft:iron_pickaxe":25,"minecraft:stone_slab":1,"minecraft:stone_axe":1,"cobblemon:medicinal_leek":3,"minecraft:furnace":1,"minecraft:bucket":5,"minecraft:cobbled_deepslate":7},"minecraft:mined":{"cobblemon:pep_up_flower":1,"minecraft:deepslate_diamond_ore":2,"cobblemon:revival_herb":3,"cobblemon:aspear_berry":4,"cobblemon:apricorn_log":5,"minecraft:crafting_table":5,"cobblemon:apricorn_leaves":41,"minecraft:torch":5,"cobblemon:chesto_berry":3,"minecraft:stone_slab":1,"minecraft:copper_ore":4,"minecraft:tall_grass":1,"minecraft:deepslate_gold_ore":2,"minecraft:moss_block":1,"minecraft:wall_torch":3,"minecraft:big_dripleaf":1,"minecraft:furnace":1,"minecraft:iron_ore":11,"minecraft:cobbled_deepslate":1,"minecraft:sweet_berry_bush":2,"minecraft:spruce_log":6,"cobblemon:medicinal_leek":4,"minecraft:grass":2,"minecraft:coal_ore":9,"minecraft:deepslate_iron_ore":5,"minecraft:stone":12,"minecraft:deepslate":8,"minecraft:fern":1}},"DataVersion":3465}