{"stats":{"minecraft:crafted":{"minecraft:stone_axe":1,"minecraft:crafting_table":1,"minecraft:spruce_planks":24,"minecraft:stick":8,"minecraft:wooden_pickaxe":1,"minecraft:stone_pickaxe":1},"minecraft:picked_up":{"minecraft:raw_iron":1,"minecraft:crafting_table":2,"minecraft:stone_slab":1,"minecraft:spruce_log":6,"minecraft:moss_block":1,"minecraft:coal":9,"minecraft:cobblestone":7},"minecraft:dropped":{"minecraft:wooden_pickaxe":1},"minecraft:custom":{"minecraft:time_since_rest":7116,"minecraft:crouch_one_cm":56,"minecraft:play_time":7116,"minecraft:sprint_one_cm":1949,"minecraft:damage_taken":30,"minecraft:walk_one_cm":3846,"minecraft:sneak_time":34,"minecraft:drop":1,"minecraft:jump":21,"minecraft:time_since_death":7116,"minecraft:total_world_time":7116,"minecraft:fall_one_cm":2104,"minecraft:interact_with_crafting_table":2,"minecraft:fly_one_cm":520},"minecraft:used":{"minecraft:stone_axe":1,"minecraft:moss_block":1,"minecraft:crafting_table":2,"minecraft:stone_pickaxe":11,"minecraft:stone_slab":1,"minecraft:wooden_pickaxe":8},"minecraft:mined":{"minecraft:coal_ore":9,"minecraft:stone_slab":1,"minecraft:iron_ore":1,"minecraft:tall_grass":1,"minecraft:spruce_log":6,"minecraft:stone":7,"minecraft:moss_block":1,"minecraft:crafting_table":2}},"DataVersion":3465}