{"stats":{"minecraft:crafted":{"cobblemon:apricorn_boat":1,"minecraft:cooked_porkchop":6,"minecraft:crafting_table":1,"minecraft:spruce_planks":24,"minecraft:wooden_pickaxe":1,"cobblemon:apricorn_planks":8,"minecraft:furnace":1,"minecraft:copper_ingot":13,"minecraft:bucket":1,"minecraft:stone_axe":1,"minecraft:air":0,"minecraft:shield":1,"minecraft:iron_axe":1,"minecraft:stick":16,"minecraft:iron_ingot":11,"minecraft:iron_pickaxe":1,"minecraft:stone_pickaxe":1,"cobblemon:azure_ball":4,"minecraft:torch":8},"minecraft:picked_up":{"minecraft:crafting_table":7,"minecraft:leather":1,"minecraft:stone_slab":1,"cobblemon:razz_berry":4,"minecraft:flint":1,"minecraft:oak_log":24,"cobblemon:apricorn_boat":2,"minecraft:string":3,"minecraft:moss_carpet":2,"minecraft:raw_copper":23,"cobblemon:revival_herb":10,"cobblemon:passho_berry":1,"minecraft:bone":1,"minecraft:cobbled_deepslate":13,"minecraft:raw_gold":2,"cobblemon:oran_berry":10,"minecraft:beef":5,"minecraft:stone_pickaxe":1,"cobblemon:pep_up_flower":6,"minecraft:moss_block":9,"minecraft:furnace":2,"cobblemon:azure_ball":3,"minecraft:stick":6,"minecraft:raw_iron":16,"minecraft:sandstone":1,"cobblemon:apricorn_log":5,"minecraft:sweet_berries":7,"minecraft:big_dripleaf":1,"minecraft:torch":7,"minecraft:sand":2,"minecraft:gravel":8,"minecraft:porkchop":19,"minecraft:spruce_log":6,"cobblemon:aspear_berry":16,"minecraft:arrow":5,"minecraft:rotten_flesh":11,"minecraft:diamond":2,"cobblemon:medicinal_leek":35,"minecraft:coal":15,"cobblemon:blue_apricorn":6,"minecraft:cobblestone":12},"minecraft:custom":{"minecraft:interact_with_furnace":16,"minecraft:mob_kills":30,"minecraft:interact_with_crafting_table":12,"minecraft:time_since_death":17249,"minecraft:climb_one_cm":680,"minecraft:time_since_rest":17277,"minecraft:sprint_one_cm":88083,"minecraft:damage_taken":880,"minecraft:walk_one_cm":66006,"minecraft:damage_blocked_by_shield":1040,"minecraft:drop":13,"minecraft:damage_dealt":4716,"minecraft:swim_one_cm":8160,"minecraft:fly_one_cm":124852,"minecraft:crouch_one_cm":1112,"minecraft:play_time":43116,"minecraft:deaths":3,"minecraft:sneak_time":480,"minecraft:walk_under_water_one_cm":2681,"minecraft:boat_one_cm":99931,"minecraft:jump":486,"minecraft:walk_on_water_one_cm":8721,"minecraft:total_world_time":43116,"minecraft:fall_one_cm":9734},"minecraft:dropped":{"minecraft:gravel":8,"minecraft:stone_axe":1,"minecraft:rotten_flesh":11,"minecraft:big_dripleaf":1,"cobblemon:medicinal_leek":1,"minecraft:sand":2,"minecraft:stone_pickaxe":2,"minecraft:wooden_pickaxe":1,"minecraft:bone":1},"minecraft:killed_by":{"minecraft:spider":1,"minecraft:zombie":1},"minecraft:killed":{"minecraft:pig":9,"minecraft:witch":1,"minecraft:spider":4,"minecraft:skeleton":4,"minecraft:zombie":9,"minecraft:cow":3},"minecraft:used":{"minecraft:moss_block":9,"minecraft:moss_carpet":2,"minecraft:water_bucket":3,"minecraft:stone_pickaxe":33,"minecraft:wooden_pickaxe":8,"minecraft:shield":35,"minecraft:sandstone":1,"cobblemon:pep_up_flower":1,"minecraft:torch":10,"cobblemon:apricorn_boat":2,"minecraft:crafting_table":7,"minecraft:axolotl_bucket":1,"minecraft:iron_axe":110,"minecraft:iron_pickaxe":36,"minecraft:stone_slab":1,"cobblemon:apricorn_planks":3,"minecraft:stone_axe":1,"cobblemon:medicinal_leek":5,"minecraft:furnace":3,"minecraft:cooked_porkchop":2,"minecraft:bucket":5,"minecraft:cobbled_deepslate":7},"minecraft:mined":{"cobblemon:pep_up_flower":1,"minecraft:deepslate_diamond_ore":2,"cobblemon:revival_herb":3,"cobblemon:aspear_berry":4,"cobblemon:apricorn_log":5,"minecraft:crafting_table":7,"cobblemon:apricorn_leaves":41,"minecraft:torch":5,"cobblemon:chesto_berry":3,"minecraft:stone_slab":1,"minecraft:copper_ore":8,"minecraft:tall_grass":1,"minecraft:deepslate_gold_ore":2,"minecraft:moss_block":1,"minecraft:wall_torch":3,"minecraft:big_dripleaf":1,"minecraft:furnace":2,"minecraft:iron_ore":11,"minecraft:cobbled_deepslate":1,"minecraft:sweet_berry_bush":2,"minecraft:spruce_log":6,"cobblemon:medicinal_leek":28,"minecraft:grass":2,"minecraft:oak_log":24,"minecraft:coal_ore":15,"minecraft:deepslate_iron_ore":5,"minecraft:sand":2,"minecraft:azalea_leaves":1,"minecraft:stone":12,"minecraft:deepslate":8,"minecraft:fern":1}},"DataVersion":3465}