{"stats":{"minecraft:crafted":{"minecraft:crafting_table":1,"minecraft:spruce_planks":24,"minecraft:wooden_pickaxe":1,"minecraft:furnace":1,"minecraft:bucket":1,"minecraft:stone_axe":1,"minecraft:air":0,"minecraft:shield":1,"minecraft:iron_axe":1,"minecraft:stick":16,"minecraft:iron_ingot":11,"minecraft:iron_pickaxe":1,"minecraft:stone_pickaxe":1,"minecraft:torch":8},"minecraft:picked_up":{"minecraft:crafting_table":4,"minecraft:leather":1,"minecraft:stone_slab":1,"minecraft:raw_copper":13,"cobblemon:revival_herb":10,"minecraft:cobbled_deepslate":12,"minecraft:raw_gold":2,"minecraft:beef":5,"minecraft:stone_pickaxe":1,"cobblemon:pep_up_flower":5,"minecraft:moss_block":9,"minecraft:furnace":1,"minecraft:stick":1,"minecraft:raw_iron":14,"minecraft:big_dripleaf":1,"minecraft:torch":1,"minecraft:gravel":4,"minecraft:spruce_log":6,"minecraft:arrow":1,"minecraft:diamond":2,"minecraft:coal":9,"cobblemon:blue_apricorn":6,"minecraft:cobblestone":8},"minecraft:dropped":{"minecraft:stone_axe":1,"minecraft:stone_pickaxe":2,"minecraft:wooden_pickaxe":1},"minecraft:custom":{"minecraft:interact_with_furnace":7,"minecraft:mob_kills":6,"minecraft:interact_with_crafting_table":7,"minecraft:time_since_death":2150,"minecraft:climb_one_cm":680,"minecraft:time_since_rest":2175,"minecraft:sprint_one_cm":33111,"minecraft:damage_taken":320,"minecraft:walk_one_cm":26116,"minecraft:damage_blocked_by_shield":475,"minecraft:drop":4,"minecraft:damage_dealt":1329,"minecraft:swim_one_cm":614,"minecraft:fly_one_cm":25982,"minecraft:crouch_one_cm":724,"minecraft:play_time":19116,"minecraft:deaths":1,"minecraft:sneak_time":319,"minecraft:walk_under_water_one_cm":1067,"minecraft:jump":165,"minecraft:walk_on_water_one_cm":3240,"minecraft:total_world_time":19116,"minecraft:fall_one_cm":6092},"minecraft:killed":{"minecraft:witch":1,"minecraft:skeleton":2,"minecraft:cow":3},"minecraft:used":{"minecraft:moss_block":9,"minecraft:water_bucket":3,"minecraft:stone_pickaxe":33,"minecraft:wooden_pickaxe":8,"minecraft:shield":6,"minecraft:torch":3,"minecraft:crafting_table":4,"minecraft:axolotl_bucket":1,"minecraft:iron_axe":22,"minecraft:iron_pickaxe":12,"minecraft:stone_slab":1,"minecraft:stone_axe":1,"minecraft:furnace":1,"minecraft:bucket":5},"minecraft:mined":{"minecraft:deepslate_diamond_ore":2,"cobblemon:revival_herb":3,"minecraft:crafting_table":4,"cobblemon:apricorn_leaves":2,"minecraft:torch":1,"cobblemon:chesto_berry":3,"minecraft:stone_slab":1,"minecraft:copper_ore":4,"minecraft:tall_grass":1,"minecraft:deepslate_gold_ore":2,"minecraft:moss_block":1,"minecraft:big_dripleaf":1,"minecraft:furnace":1,"minecraft:iron_ore":9,"minecraft:spruce_log":6,"minecraft:grass":2,"minecraft:coal_ore":9,"minecraft:deepslate_iron_ore":5,"minecraft:stone":8,"minecraft:deepslate":8}},"DataVersion":3465}